game_number,pmf,cdf
1,0.0,0.0
2,0.0,0.0
3,0.0,0.0
4,0.0,0.0
5,0.0,0.0
6,0.0,0.0
7,0.0,0.0
8,0.0,0.0
9,0.043478260869565216,0.043478260869565216
10,0.043478260869565216,0.08695652173913043
11,0.0,0.08695652173913043
12,0.0,0.08695652173913043
13,0.0,0.08695652173913043
14,0.0,0.08695652173913043
15,0.0,0.08695652173913043
16,0.043478260869565216,0.13043478260869565
17,0.0,0.13043478260869565
18,0.043478260869565216,0.17391304347826086
19,0.043478260869565216,0.21739130434782608
20,0.0,0.21739130434782608
21,0.0,0.21739130434782608
22,0.043478260869565216,0.2608695652173913
23,0.0,0.2608695652173913
24,0.0,0.2608695652173913
25,0.0,0.2608695652173913
26,0.0,0.2608695652173913
27,0.043478260869565216,0.30434782608695654
28,0.0,0.30434782608695654
29,0.0,0.30434782608695654
30,0.043478260869565216,0.34782608695652173
31,0.0,0.34782608695652173
32,0.0,0.34782608695652173
33,0.0,0.34782608695652173
34,0.043478260869565216,0.3913043478260869
35,0.0,0.3913043478260869
36,0.0,0.3913043478260869
37,0.0,0.3913043478260869
38,0.043478260869565216,0.4347826086956521
39,0.0,0.4347826086956521
40,0.0,0.4347826086956521
41,0.0,0.4347826086956521
42,0.0,0.4347826086956521
43,0.0,0.4347826086956521
44,0.043478260869565216,0.4782608695652173
45,0.0,0.4782608695652173
46,0.0,0.4782608695652173
47,0.0,0.4782608695652173
48,0.0,0.4782608695652173
49,0.08695652173913043,0.5652173913043477
50,0.0,0.5652173913043477
51,0.0,0.5652173913043477
52,0.043478260869565216,0.6086956521739129
53,0.043478260869565216,0.652173913043478
54,0.0,0.652173913043478
55,0.043478260869565216,0.6956521739130432
56,0.043478260869565216,0.7391304347826084
57,0.043478260869565216,0.7826086956521736
58,0.0,0.7826086956521736
59,0.043478260869565216,0.8260869565217388
60,0.0,0.8260869565217388
61,0.043478260869565216,0.869565217391304
62,0.0,0.869565217391304
63,0.043478260869565216,0.9130434782608692
64,0.043478260869565216,0.9565217391304344
65,0.0,0.9565217391304344
66,0.0,0.9565217391304344
67,0.0,0.9565217391304344
68,0.0,0.9565217391304344
69,0.0,0.9565217391304344
70,0.0,0.9565217391304344
71,0.0,0.9565217391304344
72,0.043478260869565216,0.9999999999999996
73,0.0,0.9999999999999996
74,0.0,0.9999999999999996
75,0.0,0.9999999999999996
76,0.0,0.9999999999999996
77,0.0,0.9999999999999996
78,0.0,0.9999999999999996
79,0.0,0.9999999999999996
80,0.0,0.9999999999999996
81,0.0,0.9999999999999996
82,0.0,0.9999999999999996
