season,team,team_games,player_games,debut_date,age_at_debut,debut_team_game_number,debut_fgm,debut_points,season_high_points,first_high_date,first_high_game_id,first_high_team_game_number,first_high_player_game_number,tied_high_games,first_high_season_fraction,first_high_82_equivalent,is_82_game_season,player_log_url,first_high_boxscore_url
2003-04,CLE,82,79,2003-10-29,18.82858649,1,12,25,41,2004-03-27,0020301050,72,69,1,0.87654321,72.00000000,True,https://www.nba.com/stats/player/2544/boxscores-traditional?Season=2003-04,https://www.nba.com/game/0020301050/box-score
2004-05,CLE,82,80,2004-11-03,19.84434999,1,8,28,56,2005-03-20,0020400977,64,62,1,0.77777778,64.00000000,True,https://www.nba.com/stats/player/2544/boxscores-traditional?Season=2004-05,https://www.nba.com/game/0020400977/box-score
2005-06,CLE,82,79,2005-11-02,20.84094814,1,9,31,52,2005-12-10,0020500287,19,19,1,0.22222222,19.00000000,True,https://www.nba.com/stats/player/2544/boxscores-traditional?Season=2005-06,https://www.nba.com/game/0020500287/box-score
2006-07,CLE,82,78,2006-11-01,21.83754629,1,11,26,41,2007-03-07,0020600912,61,59,1,0.74074074,61.00000000,True,https://www.nba.com/stats/player/2544/boxscores-traditional?Season=2006-07,https://www.nba.com/game/0020600912/box-score
2007-08,CLE,82,75,2007-10-31,22.83414444,1,2,10,51,2008-01-15,0020700558,38,33,1,0.45679012,38.00000000,True,https://www.nba.com/stats/player/2544/boxscores-traditional?Season=2007-08,https://www.nba.com/game/0020700558/box-score
2008-09,CLE,82,81,2008-10-28,23.82800468,1,9,22,55,2009-02-20,0020800818,53,53,1,0.64197531,53.00000000,True,https://www.nba.com/stats/player/2544/boxscores-traditional?Season=2008-09,https://www.nba.com/game/0020800818/box-score
2009-10,CLE,82,76,2009-10-27,24.82460283,1,12,38,48,2009-12-30,0020900459,34,34,1,0.40740741,34.00000000,True,https://www.nba.com/stats/player/2544/boxscores-traditional?Season=2009-10,https://www.nba.com/game/0020900459/box-score
2010-11,MIA,82,79,2010-10-26,25.82120098,1,10,31,51,2011-02-03,0021000730,49,47,1,0.59259259,49.00000000,True,https://www.nba.com/stats/player/2544/boxscores-traditional?Season=2010-11,https://www.nba.com/game/0021000730/box-score
2011-12,MIA,66,62,2011-12-25,26.98481146,1,11,37,41,2012-04-03,0021100794,52,51,1,0.78461538,64.55384615,False,https://www.nba.com/stats/player/2544/boxscores-traditional?Season=2011-12,https://www.nba.com/game/0021100794/box-score
2012-13,MIA,82,76,2012-10-30,27.83356263,1,10,26,40,2013-02-26,0021200845,55,55,1,0.66666667,55.00000000,True,https://www.nba.com/stats/player/2544/boxscores-traditional?Season=2012-13,https://www.nba.com/game/0021200845/box-score
2013-14,MIA,82,77,2013-10-29,28.83016078,1,5,17,61,2014-03-03,0021300893,57,55,1,0.69135802,57.00000000,True,https://www.nba.com/stats/player/2544/boxscores-traditional?Season=2013-14,https://www.nba.com/game/0021300893/box-score
2014-15,CLE,82,69,2014-10-30,29.83223475,1,5,17,42,2015-02-26,0021400854,59,49,1,0.71604938,59.00000000,True,https://www.nba.com/stats/player/2544/boxscores-traditional?Season=2014-15,https://www.nba.com/game/0021400854/box-score
2015-16,CLE,82,76,2015-10-27,30.82335708,1,12,25,37,2015-11-14,0021500141,10,10,3,0.11111111,10.00000000,True,https://www.nba.com/stats/player/2544/boxscores-traditional?Season=2015-16,https://www.nba.com/game/0021500141/box-score
2016-17,CLE,82,74,2016-10-25,31.81995524,1,9,19,44,2016-12-10,0021600349,22,21,1,0.25925926,22.00000000,True,https://www.nba.com/stats/player/2544/boxscores-traditional?Season=2016-17,https://www.nba.com/game/0021600349/box-score
2017-18,CLE,82,82,2017-10-17,32.79738804,1,12,29,57,2017-11-03,0021700122,9,9,1,0.09876543,9.00000000,True,https://www.nba.com/stats/player/2544/boxscores-traditional?Season=2017-18,https://www.nba.com/game/0021700122/box-score
2018-19,LAL,82,55,2018-10-18,33.79946200,1,9,26,51,2018-11-18,0021800235,16,16,1,0.18518519,16.00000000,True,https://www.nba.com/stats/player/2544/boxscores-traditional?Season=2018-19,https://www.nba.com/game/0021800235/box-score
2019-20,LAL,71,67,2019-10-22,34.80974969,1,7,18,40,2020-02-25,0021900861,56,54,1,0.78571429,64.64285714,False,https://www.nba.com/stats/player/2544/boxscores-traditional?Season=2019-20,https://www.nba.com/game/0021900861/box-score
2020-21,LAL,72,45,2020-12-22,35.97883598,1,7,22,46,2021-01-25,0022000261,18,18,1,0.23943662,20.39436620,False,https://www.nba.com/stats/player/2544/boxscores-traditional?Season=2020-21,https://www.nba.com/game/0022000261/box-score
2021-22,LAL,82,56,2021-10-19,36.80294599,1,13,34,56,2022-03-05,0022100959,63,46,1,0.76543210,63.00000000,True,https://www.nba.com/stats/player/2544/boxscores-traditional?Season=2021-22,https://www.nba.com/game/0022100959/box-score
2022-23,LAL,82,55,2022-10-18,37.79954414,1,12,31,48,2023-01-16,0022200664,44,34,1,0.53086420,44.00000000,True,https://www.nba.com/stats/player/2544/boxscores-traditional?Season=2022-23,https://www.nba.com/game/0022200664/box-score
2023-24,LAL,82,71,2023-10-24,38.81530764,1,10,21,40,2023-12-23,0022300397,30,27,3,0.35802469,30.00000000,True,https://www.nba.com/stats/player/2544/boxscores-traditional?Season=2023-24,https://www.nba.com/game/0022300397/box-score
2024-25,LAL,82,70,2024-10-22,39.81190579,1,7,16,42,2025-02-06,0022400731,49,46,1,0.59259259,49.00000000,True,https://www.nba.com/stats/player/2544/boxscores-traditional?Season=2024-25,https://www.nba.com/game/0022400731/box-score
2025-26,LAL,82,60,2025-11-18,40.88516534,15,4,11,36,2025-12-20,0022500395,27,11,1,0.32098765,27.00000000,True,https://www.nba.com/stats/player/2544/boxscores-traditional?Season=2025-26,https://www.nba.com/game/0022500395/box-score
