season,games,points,fgm,career_games,career_points,career_fgm
2003-04,79,1654,622,79,1654,622
2004-05,80,2175,795,80,2175,795
2005-06,79,2478,875,79,2478,875
2006-07,78,2132,772,78,2132,772
2007-08,75,2250,794,75,2250,794
2008-09,81,2304,789,81,2304,789
2009-10,76,2258,768,76,2258,768
2010-11,79,2111,758,79,2111,758
2011-12,62,1683,621,62,1683,621
2012-13,76,2036,765,76,2036,765
2013-14,77,2089,767,77,2089,767
2014-15,69,1743,624,69,1743,624
2015-16,76,1920,737,76,1920,737
2016-17,74,1954,736,74,1954,736
2017-18,82,2251,857,82,2251,857
2018-19,55,1505,558,55,1505,558
2019-20,67,1698,643,67,1698,643
2020-21,45,1126,422,45,1126,422
2021-22,56,1695,640,56,1695,640
2022-23,55,1590,609,55,1590,609
2023-24,71,1822,685,71,1822,685
2024-25,70,1710,651,70,1710,651
2025-26,60,1256,473,60,1256,473
