test_season,train_through,train_n,actual,prediction,past_mean,past_median
2013-14,2012-13,10,57.0,46.986389307414086,49.7,52.5
2014-15,2013-14,11,59.0,51.269781788114756,50.36363636363637,53.0
2015-16,2014-15,12,10.0,50.953636585159934,51.083333333333336,54.0
2016-17,2015-16,13,22.0,40.896015331697186,47.92307692307692,53.0
2017-18,2016-17,14,9.0,30.45837981024342,46.07142857142857,52.5
2018-19,2017-18,15,16.0,23.541482763382632,43.6,52.0
2019-20,2018-19,16,56.0,23.095278779998637,41.875,50.5
2020-21,2019-20,17,18.0,25.91404623234797,42.705882352941174,52.0
2021-22,2020-21,18,63.0,14.265241313249032,41.333333333333336,50.5
2022-23,2021-22,19,44.0,27.678753423337177,42.473684210526315,52.0
2023-24,2022-23,20,30.0,30.939853722379564,42.55,50.5
2024-25,2023-24,21,49.0,30.040753546756623,41.95238095238095,49.0
2025-26,2024-25,22,27.0,34.22731623195979,42.27272727272727,49.0
